,strategy,benchmark
2021-01-04,100000.0,100000.0
2021-01-05,100000.0,100560.90689788964
2021-01-06,100000.0,101090.60544206211
2021-01-07,100000.0,102866.10772786316
2021-01-08,100000.0,105362.58133242607
2021-01-11,100000.0,103450.37477466879
2021-01-12,100000.0,104453.65143118374
2021-01-13,100000.0,102804.26797740014
2021-01-14,100000.0,104018.14006979147
2021-01-15,100000.0,101508.68485588883
2021-01-18,100000.0,102132.04734608287
2021-01-19,100000.0,101652.73213402828
2021-01-20,100000.0,100839.83375154555
2021-01-21,100000.0,99774.22084601119
2021-01-22,100000.0,98703.5536500158
2021-01-26,100000.0,98107.14737561397
2021-01-27,100000.0,97616.88120089381
2021-01-28,100000.0,99985.96050855555
2021-01-29,100000.0,97214.67154496541
2021-02-01,100000.0,98352.68497482793
2021-02-02,100000.0,99080.91300910668
2021-02-03,100000.0,100330.38136251246
2021-02-04,100000.0,99941.54614052702
2021-02-05,100000.0,100497.98275129928
2021-02-08,100000.0,100155.23791123022
2021-02-09,100000.0,100082.33130710795
2021-02-10,100000.0,99245.16237011775
2021-02-11,100000.0,99919.75795998472
2021-02-12,100000.0,99820.03513365657
2021-02-17,100000.0,100888.49398717258
2021-02-18,100000.0,99840.147300311
2021-02-19,100000.0,99511.64857828882
2021-02-22,100000.0,96478.94914693116
2021-02-23,100000.0,98670.25129897964
2021-02-24,100000.0,99047.88484687076
2021-02-25,100000.0,96126.14864413947
2021-02-26,100000.0,94224.2799142842
2021-03-01,100000.0,94481.17348427816
2021-03-02,100000.0,95513.0293237539
2021-03-03,100000.0,95208.18228736107
2021-03-04,100000.0,96497.78800873074
2021-03-05,100000.0,98648.84350148015
2021-03-08,100000.0,95642.43876529833
2021-03-09,100000.0,96264.13363992539
2021-03-10,100000.0,97513.57605138035
2021-03-11,100000.0,99422.75864272472
2021-03-12,100000.0,98710.27383508535
2021-03-15,100000.0,99307.75806090912
2021-03-16,100000.0,98588.35592504026
2021-03-17,100000.0,100775.96097762231
2021-03-18,100000.0,99293.92340445012
2021-03-19,100000.0,100493.21518624116
2021-03-22,100000.0,99418.43531258128
2021-03-23,100000.0,97933.80374132303
2021-03-24,100000.0,96897.93383895415
2021-03-25,100000.0,98355.76076332305
2021-03-26,100000.0,99247.23143890096
2021-03-29,100000.0,99798.88836520424
2021-03-30,100000.0,101036.2254522576
2021-03-31,100000.0,100849.45759006086
2021-04-01,100809.59456523042,99655.35380444197
2021-04-05,102180.55488731302,101613.82235942157
2021-04-06,101936.12253947087,101597.3937048765
2021-04-07,102301.68088487789,101705.47695846255
2021-04-08,102294.92682333803,102301.23185222896
2021-04-09,103244.61864345618,101745.25159578222
2021-04-12,104121.55453367323,102732.70020054454
2021-04-13,104455.53675211425,103152.0632244585
2021-04-14,104180.38964740586,104014.99992108968
2021-04-15,104890.77648700187,104366.05432873724
2021-04-16,104771.23862278179,104723.16139858562
2021-04-19,104469.29465556818,104567.52151342169
2021-04-20,103822.00390778703,103813.53273640526
2021-04-22,101609.1076039964,103216.04851058147
2021-04-23,102778.9395912067,104218.1964378315
2021-04-26,102317.4394804443,104274.39972969626
2021-04-27,103273.63473442273,103230.74783306918
2021-04-28,101675.97786380933,104670.41677083563
2021-04-29,101589.91928211732,103816.99140052003
2021-04-30,102100.40613526248,102803.60281489704
2021-05-03,100857.95638848351,103075.97261393395
2021-05-04,101221.6499580929,101781.5675689872
2021-05-05,103368.11057661775,103382.92905411843
2021-05-06,105948.225712635,103691.61482636024
2021-05-07,106647.01324153207,105522.1128090939
2021-05-10,107047.12283157841,105410.57089139307
2021-05-11,109152.74260825284,106322.79355165949
2021-05-12,106697.36920355415,103509.17029430692
2021-05-13,104689.68854775238,104370.37765888072
2021-05-14,102542.33906142114,105386.36024258977
2021-05-17,105290.2036681567,106300.31223491358
2021-05-18,106079.30892742227,106336.62820811849
2021-05-19,104855.86057187634,106039.18309424962
2021-05-20,102350.61358026914,106095.38638611436
2021-05-21,102227.98889041331,106001.13778898731
2021-05-24,101276.11627266282,107246.25687029884
2021-05-25,99973.84805384655,106343.54553634797
2021-05-26,100103.65491740267,107209.07623106518
2021-05-27,101051.07635546903,107535.91998990945
2021-05-28,100299.74677932885,108568.33122816357
2021-05-31,101086.54549479023,109134.68747695458
2021-06-01,102016.76938767501,110908.11750179481
2021-06-02,102124.40680453651,112061.58198406531
2021-06-04,100628.44835835132,112515.53164912679
2021-06-07,100074.27965720861,113077.56456777435
2021-06-08,98672.05102967353,112222.40986540137
2021-06-09,100031.56734431633,112326.16978884401
2021-06-10,100028.5955575504,112472.29834769235
2021-06-11,100680.01475970105,111923.23541947512
2021-06-14,99942.0262635601,112586.43426347924
2021-06-15,98983.10641237504,112485.26833812268
2021-06-16,96313.97864208693,111765.8662022538
2021-06-17,93919.59741573044,110726.53763577015
2021-06-18,94186.73643333404,111027.44141375378
2021-06-21,95548.81427599107,111771.05419842595
2021-06-22,95910.26181173135,111340.45051613904
2021-06-23,95859.04682197045,111047.32873241362
2021-06-24,97193.25499487316,111986.35603956942
2021-06-25,96689.16294102142,110033.94014679067
2021-06-28,96228.58042767778,110183.52736975378
2021-06-29,96285.94487275711,110095.33143482755
2021-06-30,95528.99544861718,109641.38176976604
2021-07-01,94231.40073126148,108659.12116117585
2021-07-02,95532.25630398018,110350.40791329066
2021-07-05,94515.74777463889,109743.41236115129
2021-07-06,92434.38499215346,108165.39685879467
2021-07-07,93707.60802028632,109829.01429799145
2021-07-08,92342.88991422908,108453.33064634795
2021-07-12,93828.64926616779,110326.19726448736
2021-07-13,94215.11025952098,110822.5155649546
2021-07-14,94138.87615306769,111029.17074581118
2021-07-15,92958.56874471297,110217.24934487262
2021-07-16,92064.50944961945,108913.33297361029
2021-07-19,90331.75728677864,107560.13063871268
2021-07-20,91216.3282747948,108429.98466357336
2021-07-21,91724.2098705388,108886.5283267209
2021-07-22,91608.56313349075,109075.02552097502
2021-07-23,90886.2353811892,108129.08088558976
2021-07-26,92118.05799220773,108951.37827887257
2021-07-27,91515.23578501928,107747.7631669381
2021-07-28,93106.96772012542,109195.21409896272
2021-07-29,92884.47624412332,108666.90315543402
2021-07-30,90373.46795427562,105355.1898021213
2021-08-02,90071.81512591614,105973.6490980919
2021-08-03,91486.35731486918,106891.39079463012
2021-08-04,90719.861015166,105355.18980212127
2021-08-05,90439.68137643574,105209.87349201909
2021-08-06,91159.2147560889,106227.95264077072
2021-08-09,90886.30241800543,106408.73305036213
2021-08-10,90732.66581498814,105702.04599468662
2021-08-11,90859.330211497,105575.75920138354
2021-08-12,91010.88042408162,104403.71396216651
2021-08-13,90839.14274456876,104830.14813407352
2021-08-16,90558.77520672856,103088.08236891995
2021-08-17,89502.21701191936,101984.3703945724
2021-08-18,88673.11415240708,100893.63309076968
2021-08-19,88117.63987568911,101345.15162573005
2021-08-20,88286.79643972206,102113.25212198448
2021-08-23,88308.99232470087,101610.69988288108
2021-08-24,89385.08825194904,103979.87472436849
2021-08-25,89068.29473120578,104504.91639241626
2021-08-26,88259.41164171384,102693.65238435686
2021-08-27,89600.6137653909,104383.81946733108
2021-08-30,89278.41903310751,103572.47006926054
2021-08-31,88130.16268856182,102742.9561324272
2021-09-01,88344.21086105,103274.91762476557
2021-09-02,87353.0415532043,100923.04234400461
2021-09-03,87378.66572877867,101144.47672130316
2021-09-06,87260.56500337488,101954.09616330104
2021-09-08,86079.9093411742,98846.9611306041
2021-09-09,86098.3713985335,100544.77249510743
2021-09-10,85940.994375055,99607.83860555863
2021-09-13,86306.65994901293,101453.816259572
2021-09-14,86075.84136349434,101259.45695039119
2021-09-15,85997.82997141131,100285.04570526042
2021-09-16,84707.16325758431,99179.02793238837
2021-09-17,82718.35978471527,97126.4890394698
2021-09-20,81327.16733938182,94864.77420841942
2021-09-21,81651.63221813114,96090.19657930837
2021-09-22,83773.60318037038,97861.21952215784
2021-09-23,85629.1103081887,99414.35086278664
2021-09-24,85386.86991833789,98733.65749744931
2021-09-27,85921.77055767553,98995.1274201141
2021-09-28,84111.83383114378,95980.37921178914
2021-09-29,84867.05370505653,96837.12899172075
2021-09-30,85070.78746180114,96725.56849138379
2021-10-01,86019.43315748329,98399.84756284731
2021-10-04,86140.25341978455,96214.83057577859
2021-10-05,86826.85338152952,96271.48239235595
2021-10-06,86149.94446929778,96360.38216606196
2021-10-07,86512.24014149923,96382.17132628402
2021-10-08,87587.65160064501,98341.45261345213
2021-10-11,87819.64674927201,97772.31974845179
2021-10-13,88864.43053115337,98884.438486186
2021-10-14,89390.51647010226,98648.24398937881
2021-10-15,89192.77139806224,99923.34564557408
2021-10-18,89617.50173737442,99731.6010356199
2021-10-19,87927.00142150828,96692.1983720095
2021-10-20,89005.73841251519,96790.92361137264
2021-10-21,87918.00110254461,94125.3421485678
2021-10-22,87151.81493881524,92868.12427738582
2021-10-25,89059.36052963692,94981.54333950477
2021-10-26,88853.18987385188,92976.45993827989
2021-10-27,88274.40750114575,92926.66048125601
2021-10-28,88728.08229370898,92351.78253876975
2021-10-29,86460.08305267726,90426.20353384616
2021-11-01,87280.05786609564,92217.2366373368
2021-11-03,85591.35128262333,92274.89916652236
2021-11-04,84974.83585286801,90348.44648691414
2021-11-05,83738.73407996519,91582.07514161112
2021-11-08,84786.49327792374,91544.50713017205
2021-11-09,85091.01138665742,92203.25784238275
2021-11-10,84494.59802126636,92581.55898082735
2021-11-11,85213.64229639708,94116.60540172152
2021-11-12,86259.6451469932,92882.1030723399
2021-11-16,86777.11349934661,91305.99394126816
2021-11-17,86273.4919824255,89940.44040919213
2021-11-18,85620.45181853969,89572.62336696307
2021-11-19,85782.5060932022,90019.07113080879
2021-11-22,86351.84801310617,89221.40614374199
2021-11-23,87787.91901578709,90567.73883275618
2021-11-24,88691.88973837113,91311.23598937594
2021-11-25,90014.30929164455,92444.3920553405
2021-11-26,87438.79874978159,89627.07308591482
2021-11-29,88935.29987878983,90144.36817435481
2021-11-30,88391.65851672864,89356.15074298608
2021-12-01,88090.85551423125,88356.63141955966
2021-12-02,90395.3646028643,90500.97228166927
2021-12-03,90702.17405031835,91024.2294874408
2021-12-06,91556.26227435611,92574.07574758197
2021-12-07,92523.59808334606,93179.63334167849
2021-12-08,92249.33630560548,93645.71343556108
2021-12-09,91649.32860612565,92082.00605738623
2021-12-10,92671.64785510323,93352.89731709953
2021-12-13,92526.12199087042,93028.02736318509
2021-12-14,92101.87666863247,92488.31007974857
2021-12-15,92709.41577194659,93016.76520478273
2021-12-16,93074.02724520628,93746.20654130529
2021-12-17,91785.40749317098,92870.35714555196
2021-12-20,90595.943608232,90980.91349358555
2021-12-21,91161.23692079932,91396.74703459605
2021-12-22,90981.39106686524,91174.96914605712
2021-12-23,91616.75999343081,90869.158229439
2021-12-27,92302.84223474366,91423.60295078631
2021-12-28,92250.66300772494,90845.76759275717
2021-12-29,92226.27340546325,90189.96344578855
2021-12-30,91712.49780030848,90809.38215791876
2022-01-03,90826.87488145783,90029.69426852411
2022-01-04,91071.7652008643,89676.23575866518
2022-01-05,89524.3192785632,87503.5055068854
2022-01-06,89373.88771087282,87984.31303867878
2022-01-07,89262.0166714271,88987.51145636658
2022-01-10,89023.0196754448,88316.97987148719
2022-01-11,89656.16464443195,89905.81052609807
2022-01-12,90893.1773810019,91557.88253173763
2022-01-13,90633.39332157226,91422.73663090922
2022-01-14,90748.0278542358,92633.85181910226
2022-01-17,90123.51472806379,92429.40032810543
2022-01-18,90212.93919659298,92282.12594899755
2022-01-19,90256.95486073347,93573.80888576138
2022-01-20,90063.99200319863,94517.23123192892
2022-01-21,90072.44266518235,94378.62005159208
2022-01-24,89940.22127651078,93347.69939783693
2022-01-25,90264.03602966314,95160.90690061805
2022-01-26,90040.99033524052,96657.90764825583
2022-01-27,90423.77227317735,97300.71699706787
2022-01-28,89932.58629775941,96575.60725993082
2022-01-31,90589.8747870323,97363.95834809651
2022-02-01,91134.00686133266,98021.49513481933
2022-02-02,90939.13270904816,97167.30373599361
2022-02-03,90630.5526661252,96764.4649931397
2022-02-04,90919.15455612823,97240.07460567044
2022-02-07,90781.10910850421,97024.36095627125
2022-02-08,90722.05010548231,97230.54508702228
2022-02-09,90912.59473258462,97427.19969912515
2022-02-10,90540.41664745232,98205.15494876559
2022-02-11,89900.26364800084,98389.68108258898
2022-02-14,90008.0538827424,98593.2662537087
2022-02-15,90065.87140586361,99332.23710887942
2022-02-16,90358.37103414124,99783.58976485119
2022-02-17,89114.37147496322,98351.56300799633
2022-02-18,88862.80394673387,97693.1599013964
2022-02-21,87821.5133119732,96789.5882695757
2022-02-22,87959.09826587583,97800.58356615744
2022-02-23,86246.70652697614,97034.75679479646
2022-02-24,86646.77669836114,96674.36772592069
2022-02-25,88562.21097668486,98017.1635354337
2022-03-02,89483.56368923416,99777.52552571143
2022-03-03,89328.64457551214,99770.5949666946
2022-03-04,89607.91569065236,99171.10161173782
2022-03-07,88035.84062204034,96675.23404579781
2022-03-08,87784.07641786186,96337.3692937268
2022-03-09,89107.53406616236,98673.83400227947
2022-03-10,89946.93254021503,98468.51619140555
2022-03-11,89127.91079251518,96779.19243105045
2022-03-14,87705.30738521928,95232.81145041772
2022-03-15,86630.11356082573,94393.3474895028
2022-03-16,87804.56877325445,96258.53418491027
2022-03-17,88866.06320307498,97959.98642354482
2022-03-18,90576.63421336906,99896.2113488749
2022-03-21,91067.72039957142,100627.38532515168
2022-03-22,91241.86727174986,101595.0646278782
2022-03-23,91506.59750296551,101755.33380514265
2022-03-24,92786.2018953829,103137.98032900252
2022-03-25,92443.10436496377,103162.23728556147
2022-03-28,92099.18970602575,102865.08956771439
2022-03-29,92396.9777683882,103970.5137309006
2022-03-30,93045.17529962173,104183.62842066846
2022-03-31,92613.83747132486,103957.518932744
2022-04-01,93416.41837255137,105318.50745967627
2022-04-04,93304.09365034584,105067.27469531578
2022-04-05,92009.06794209573,102992.43858964888
2022-04-06,92178.52617083037,102423.26643039075
2022-04-07,92404.07169435054,102972.51323247544
2022-04-08,91960.62276471965,102504.70049883863
2022-04-11,91556.1066048353,101318.70858708164
2022-04-12,90954.7949506271,100620.45476613488
2022-04-13,91012.78119208485,101170.56788809666
2022-04-14,90760.1766069193,100650.77596183357
2022-04-18,90378.53860717641,100221.9476226665
2022-04-19,90230.15078592587,99676.16610009022
2022-04-20,89634.86825482963,99058.48002771423
2022-04-22,87920.25989142129,96229.07930908873
2022-04-25,87636.08344297798,95888.61559738638
2022-04-26,86200.69849495546,93747.07286118239
2022-04-27,87085.07217783637,94731.21224157386
2022-04-28,87442.01981418552,95225.0145715238
2022-04-29,86105.72195704728,93455.12306259794
2022-05-02,85040.0016353755,92383.48537461883
2022-05-03,84993.00025805918,92287.32386826015
2022-05-04,86112.72332518331,93860.56076508314
2022-05-05,84094.98482384863,91226.94833868342
2022-05-06,84677.04646316891,91080.54027945265
2022-05-09,83313.98316767564,89447.52731110938
2022-05-10,83001.84757198663,89326.24252831467
2022-05-11,84235.25124797228,90441.19621014904
2022-05-12,85106.13187706865,91559.61517149184
2022-05-13,85717.25384412386,92630.38653959383
2022-05-16,86646.36756769588,93764.39925872452
2022-05-17,87221.69463824882,94246.07311039498
2022-05-18,85151.30085561176,92043.88798279362
2022-05-19,85993.12054164388,92700.55844963934
2022-05-20,87173.62688639943,93985.31082738632
2022-05-23,88915.90905683838,95594.93315904774
2022-05-24,89172.22114531038,95798.51833016746
2022-05-25,89338.95388350615,95797.65201029036
2022-05-26,91047.78539396447,96932.53104929814
2022-05-27,90945.97080383264,96977.57968290761
2022-05-30,90284.20812152918,96189.2285947419
2022-05-31,91226.4866964824,96465.58463553846
2022-06-01,91279.01860818046,96473.38151443242
2022-06-02,92166.28610936916,97368.28994748206
2022-06-03,91894.85830021996,96249.87098613929
2022-06-06,91777.54430299801,95456.32197871096
2022-06-07,91657.0655178713,95355.82887296674
2022-06-08,90320.9289526307,93881.35244213372
2022-06-09,88867.39339001256,92777.66091870175
2022-06-10,88056.29676793741,91380.28695693109
2022-06-13,86163.24574825901,88882.68675123686
2022-06-14,85666.11536565046,88419.20561698561
2022-06-15,86012.65772437281,89063.74760555185
2022-06-17,84350.2220058882,86480.38173202422
2022-06-20,84392.8465129996,86504.63868858317
2022-06-21,84477.69354026104,86359.09694922951
2022-06-22,84428.14318652777,86217.88680926138
2022-06-23,83500.07527628493,84968.65354647572
2022-06-24,83765.12833931723,85481.51491372199
2022-06-27,84830.51904365992,87293.85609662601
2022-06-28,84672.83830716308,87143.98275788683
2022-06-29,84048.07630670432,86304.51879697191
2022-06-30,83602.27911151896,85368.89332969832
2022-07-01,83755.40767970763,85725.81711906564
2022-07-04,83596.4946095093,85426.93676146437
2022-07-05,83195.62961522676,85154.91232005334
2022-07-06,83819.27499582,85522.23194794594
2022-07-07,85597.4303527608,87264.40122080446
2022-07-08,85685.75885012445,86882.35415500109
2022-07-11,84475.04875198883,85083.00777025362
2022-07-12,84647.55021302028,85134.12064300283
2022-07-13,84510.10536262946,84796.25589093182
2022-07-14,83572.42683403441,83271.5329072267
2022-07-15,84379.93727331473,83644.05045438194
2022-07-18,84602.03596878615,83960.25720952533
2022-07-19,84907.17489734512,85111.59632619811
2022-07-20,84731.81199534806,85147.98176103654
2022-07-21,84891.0450639041,85794.256389357
2022-07-22,85086.55404165093,85700.69384262965
2022-07-25,86299.23569872719,86865.8940773361
2022-07-26,85888.71756465915,86434.46677853771
2022-07-27,86817.02498761917,87877.75569379491
2022-07-28,87593.21535541734,88881.82043135981
2022-07-29,88121.34406699763,89373.89012155555
2022-08-01,88150.46110176544,88559.54943707668
2022-08-02,88522.13646503663,89544.55513734528
2022-08-03,89363.42858542905,89902.34524658973
2022-08-04,90022.63779951712,91736.3444264214
2022-08-05,90083.6099093462,92238.80995514241
2022-08-08,90582.94198893277,93910.8073179554
2022-08-09,91062.86159739822,94126.52096735459
2022-08-10,91857.79565744603,95499.6379725663
2022-08-11,91724.54203821364,95050.88427622581
2022-08-12,92546.2620311685,97357.6890045016
2022-08-15,93137.67175538024,97589.07367206577
2022-08-16,93425.28745388043,98003.49397218072
2022-08-17,93904.08615464627,98172.71559472765
2022-08-18,94108.81962993585,98263.37003537778
2022-08-19,93073.28196708468,96262.92871169797
2022-08-22,92580.1767795177,95403.8699645847
2022-08-23,92896.9777758098,97437.98293764883
2022-08-24,92849.2198321733,97473.38133828364
2022-08-25,93078.01946540429,98020.76148468546
2022-08-26,92912.39709217346,96956.21933876521
2022-08-29,93151.68510643943,96976.94035377096
2022-08-30,92772.65628482644,95343.43367081792
2022-08-31,92836.96271470559,94559.4886031005
2022-09-01,93315.62334614576,95320.9859045617
2022-09-02,93533.06734094904,95717.27531654661
2022-09-05,94282.03223912895,96873.33527874225
2022-09-06,93359.94812694615,94767.56212878323
2022-09-08,93009.15760332657,94898.79522381962
2022-09-09,94045.49994530523,96957.08271439049
2022-09-12,94583.29322783212,97912.83953153057
2022-09-13,93589.79040388859,95656.83902277988
2022-09-14,93680.78424628556,95443.58524334575
2022-09-15,93105.15895351012,94931.60349757875
2022-09-16,93051.11874214438,94349.68832616736
2022-09-19,94163.43777255851,96546.11591677653
2022-09-20,94645.21020292997,97144.43522506749
2022-09-21,94707.3166249369,96642.81398680336
2022-09-22,95633.58290204084,98485.25757106436
2022-09-23,94345.40709630874,96452.87134925068
2022-09-26,93261.46250454124,94206.36797237763
2022-09-27,92990.99388489011,93569.19676095092
2022-09-28,93044.51623922648,93633.94993284387
2022-09-29,92519.81518919808,92954.47331578043
2022-09-30,93531.68950365702,95003.26367447364
2022-10-03,95626.52690175147,97308.91269094178
2022-10-04,95037.26732646972,97389.35128444868
2022-10-05,95622.26318533672,98200.44043564326
2022-10-06,96273.80500276796,98504.59886734124
2022-10-07,96082.02492767615,97510.84707672472
2022-10-10,95776.27764790598,97147.19760191228
2022-10-11,95206.91302186786,96213.77475642596
2022-10-13,94841.26446270436,95772.20039415371
2022-10-14,93940.8684369005,93905.35470318104
2022-10-17,94165.07682487628,95205.77863154263
2022-10-18,95220.36403034655,96981.2930028043
2022-10-19,95567.6426369148,97426.21897313934
2022-10-20,95955.60405769346,98177.81708121944
2022-10-21,97202.53690176843,100488.75084051145
2022-10-24,96206.86961071793,97426.27341313667
2022-10-25,95398.36493321149,96261.4880768035
2022-10-26,94546.54122713051,94697.80365268499
2022-10-27,95762.88107314307,96274.08489010199
2022-10-28,96488.47560405359,96188.4265596723
2022-10-31,97169.92701501708,97446.42831441425
2022-11-01,97000.79101427329,98195.51881189745
2022-11-03,97339.89613334778,98167.80582264077
2022-11-04,96643.93247428497,99225.09835216022
2022-11-07,95102.8342037157,96862.7759649178
2022-11-08,95254.83735210708,97549.72218346181
2022-11-09,93913.92004495877,95383.07029612252
2022-11-10,91455.70061429948,92476.19268751149
2022-11-11,91111.49649123425,94563.6990002389
2022-11-14,91883.47463132384,95328.61253210189
2022-11-16,90075.45197380474,92870.44327441882
2022-11-17,89387.34919478712,92415.53875106419
2022-11-18,89736.81031085785,91722.23056084034
2022-11-21,90554.87450835161,92453.44746134375
2022-11-22,89175.3037954859,91854.48983892679
2022-11-23,88574.06585213549,91556.2746513943
2022-11-24,90598.77847648041,93778.26815389955
2022-11-25,88434.17866433671,91384.98563553498
2022-11-28,88442.1172390555,91221.46423011064
2022-11-29,89610.8773302001,93005.94397751072
2022-11-30,90470.54196720253,94327.53236186341
2022-12-01,88741.08590838595,93019.36111846862
2022-12-02,89107.34599103943,93856.25528571734
2022-12-05,87732.84455588531,91740.53987091922
2022-12-06,88952.62359870887,91851.23128382185
2022-12-07,88470.98500187496,91706.99701852447
2022-12-08,86906.84986307916,89932.58012684283
2022-12-09,87392.19810275847,90304.90578842442
2022-12-12,85808.56449103943,88271.37036199341
2022-12-13,83595.4057924515,87120.8505248539
2022-12-14,84291.10042797432,87046.21767827561
2022-12-15,83951.21062099526,86991.71054313415
2022-12-16,83481.05170424892,86226.09493722425
2022-12-19,84959.2372754197,87655.85902054998
2022-12-20,86967.567973134,89709.52015841781
2022-12-21,87191.34123351824,89989.6029759139
2022-12-22,87082.6235307724,89992.95726115338
2022-12-23,88142.56385211226,91989.59554995017
2022-12-26,86630.91990708008,91184.56709247646
2022-12-27,86934.21675634528,90856.68571031789
2022-12-28,87927.15142680443,92441.58548596928
2022-12-29,87527.29367200012,92268.83979613637
2023-01-02,86281.75930620663,89456.87092636502
2023-01-03,85340.1079590841,87598.37197220932
2023-01-04,85825.24705475669,88580.60128372688
2023-01-05,87131.8793361288,90417.23554430428
2023-01-06,87976.87896755626,91525.6073187736
2023-01-09,87858.85207477439,91854.41867220117
2023-01-10,88724.65746392445,93271.41900602577
2023-01-11,89706.53123662915,93987.06724583865
2023-01-12,89636.1283870851,94082.93551768197
2023-01-13,89761.9165562357,93274.78280503779
2023-01-16,88717.0013245459,91842.64537565898
2023-01-17,89587.40493177522,93714.59952586288
2023-01-18,89809.0048965882,94566.48162566365
2023-01-19,89743.44465778793,95032.3677888321
2023-01-20,89674.8897835816,94439.49821295889
2023-01-23,89491.45440422998,93941.655959176
2023-01-24,89852.71214541692,95050.86868339834
2023-01-25,90761.32581784227,96032.2570451629
2023-01-26,90875.61898546331,95959.93536640391
2023-01-27,89940.04938117438,94608.52911331422
2023-01-30,90081.95193557449,94092.18596496507
2023-01-31,90554.63950208097,95474.70735891619
2023-02-01,90041.71727980908,94441.18011246489
2023-02-02,88879.14315465094,92449.81109733334
2023-02-03,88343.38226602606,91234.63870423153
2023-02-06,88212.83889661198,91206.04641262913
2023-02-07,87910.15213385657,90755.2973450149
2023-02-08,88780.46467270398,92405.24076042372
2023-02-09,87684.92488455657,90640.08722885232
2023-02-10,87703.57131918371,90948.7157882076
2023-02-13,88187.78321306556,91534.01681630369
2023-02-14,87564.07212893234,90535.80945947889
2023-02-15,88369.05247659191,92035.22286909861
2023-02-16,88381.11808191772,92424.582604743
2023-02-17,88304.95731695331,91918.33085343
2023-02-22,87343.0529106792,90109.447934702
2023-02-23,87591.88894306065,90587.1073944126
2023-02-24,86506.55108158456,89033.87320060011
2023-02-27,86457.06506516223,88897.63934061222
2023-02-28,86616.20302713098,88242.53948301615
2023-03-01,87224.64358576409,87782.5399681188
2023-03-02,86484.32856323039,86891.97417967948
2023-03-03,86986.57718448987,87346.08704630577
2023-03-06,87229.93873416752,88047.43914031747
2023-03-07,86995.70426111878,87650.51085689598
2023-03-08,88056.09071796793,89594.78668585887
2023-03-09,87111.84387707346,88359.43149868477
2023-03-10,86559.39912625124,87137.53150755887
2023-03-13,86203.33873475628,86719.5794803121
2023-03-14,86437.54386802942,86560.6399769929
2023-03-15,85753.59439029866,86344.5158904689
2023-03-16,86060.57380165157,86983.63770275773
2023-03-17,85344.67900434039,85761.73771163182
2023-03-20,85130.76013482088,84871.17192319251
2023-03-21,85540.57690416895,84934.24315466838
2023-03-22,85313.13956896168,84280.82519657836
2023-03-23,84428.44973513833,82350.84551341667
2023-03-24,85048.23978892183,83110.22314038617
2023-03-27,85511.79000177707,83817.46188266894
2023-03-28,85925.37105295008,85091.50075848156
2023-03-29,86448.21661033473,85602.79820831263
2023-03-30,87479.39914588058,87217.42173409495
2023-03-31,86746.4354725177,85677.64273633067
2023-04-03,86293.57203248361,85361.4456291983
2023-04-04,86461.48212979549,85666.71038954152
2023-04-05,85859.5976989851,84917.42415960816
2023-04-06,85896.93957324851,84786.23599813833
2023-04-10,86148.89121635578,85648.20949497525
2023-04-11,87578.08489238805,87726.81924317284
2023-04-12,87644.22196145609,88285.15740771222
2023-04-13,87538.45333110848,87928.34958658647
2023-04-14,87639.9039744402,87780.50560514779
2023-04-17,87810.38862241888,87563.28232515688
2023-04-18,87949.49035311138,87684.69609762328
2023-04-19,87483.83614887974,85826.32202925999
2023-04-20,87872.79385708786,86201.30061905416
2023-04-24,87508.54152460555,85854.40412629303
2023-04-25,87127.39905487548,85253.94281620407
2023-04-26,87018.98739619504,84503.98563661569
2023-04-27,87493.29271181794,85008.63743918012
2023-04-28,88450.22576259231,86254.98698102911
2023-05-02,88163.93977734158,84185.99718491797
2023-05-03,88090.66447640708,84078.62446096809
2023-05-04,88167.16331861103,84390.00536042274
2023-05-05,89416.72383886731,86438.07955633356
2023-05-08,90010.14057066623,87173.00217134632
2023-05-09,90175.76658338093,88054.25166048917
2023-05-10,90258.23436670336,88328.8200647557
2023-05-11,90800.45354778998,88993.04542597529
2023-05-12,90619.37655194508,89164.03413282389
2023-05-15,91324.05468446693,89628.49864902323
2023-05-16,91277.91757545827,88942.07763835696
2023-05-17,91459.00365886086,89982.80697907973
2023-05-18,91777.89999531877,90515.50256580039
2023-05-19,92237.57378062194,91039.15548052425
2023-05-22,92028.73879169393,90601.8189803153
2023-05-23,91997.99702562644,90368.3536305797
2023-05-24,91011.70862089592,89440.24665927164
2023-05-25,92157.5169854689,90471.11126690698
2023-05-26,92153.06821040598,91171.50731611378
2023-05-29,92378.4621305129,90700.46631118949
2023-05-30,91584.39611312066,89577.53086140488
2023-05-31,91468.13237160315,89057.9882521341
2023-06-01,92154.04259242106,90891.18448421292
2023-06-02,92534.75442946624,92529.5522378152
2023-06-05,92435.35571736452,92642.99666832053
2023-06-06,93445.19572587252,94216.42159576397
2023-06-07,93286.50423968647,94938.19123332684
2023-06-09,93658.3166993777,96196.76676306344
2023-06-12,93692.75475930948,96457.36012878943
2023-06-13,93656.1291782922,95969.87790205277
2023-06-14,94005.69487817568,97881.99199883096
2023-06-15,94512.97948644533,98006.94528460494
2023-06-16,94166.33974697828,97626.33099964866
2023-06-19,94550.89116295298,98530.59819932879
2023-06-20,94027.71171490215,98336.59178194287
2023-06-21,93994.87471652434,98992.59653225628
2023-06-22,93602.0882528717,97771.0137515975
2023-06-23,93693.04542151578,97806.36237849407
2023-06-26,93080.90196010828,97202.96953798024
2023-06-27,93187.87727649498,96611.08555273506
2023-06-28,93180.74807072639,95918.91011443445
2023-06-29,93693.33546738674,97318.05809066679
2023-06-30,94791.67906256644,97074.72800784378
2023-07-03,95215.99974795984,98378.5168975644
2023-07-04,94685.32128396544,97887.74642646527
2023-07-05,95173.20815461472,98276.58132232774
2023-07-06,94020.28218352048,96531.34562694508
2023-07-07,94813.36747967197,97741.41955233522
2023-07-10,94079.91215134253,96955.52914970413
2023-07-11,94013.30569351686,96362.00104227771
2023-07-12,94195.21512338835,96728.64028869347
2023-07-13,94776.53598318381,98042.29391150152
2023-07-14,93923.21241715235,96765.6330377713
2023-07-17,93988.21833892181,97183.2400718054
2023-07-18,94027.69526411418,96872.50097955167
2023-07-19,94009.8354616234,96634.92532436296
2023-07-20,94205.24713944101,97071.43976348129
2023-07-21,95666.16801104357,98825.71813086075
2023-07-24,96313.31105903906,99750.53685780634
2023-07-25,96494.1586701156,100298.02954415813
2023-07-26,96496.33951168625,100751.80726617943
2023-07-27,95531.87918165649,98639.11026329038
2023-07-28,95618.88895037379,98801.05629814218
2023-07-31,96472.87352480844,100244.59557326796
2023-08-01,96709.23281044651,99673.26311528824
2023-08-02,96367.0346356976,99353.4813510377
2023-08-03,96579.4679274621,99129.05867329892
2023-08-04,96057.22363324508,98242.87681761238
2023-08-07,95562.17351882465,98137.65299801326
2023-08-08,95667.67518427358,97899.25528173395
2023-08-09,95396.95505809141,97339.43167902288
2023-08-10,95104.25673517336,97290.93007467639
2023-08-11,94116.17709925292,97056.64266385017
2023-08-14,93625.9168478769,96024.9559951242
2023-08-15,93808.39803417053,95499.65895821911
2023-08-16,94120.34086373555,95023.6855867511
2023-08-17,93112.79632192351,94522.22832147394
2023-08-18,93651.86628027433,94873.24840716796
2023-08-21,93629.52642870006,94067.62853836203
2023-08-22,94257.78490430053,95487.32804185982
2023-08-23,95190.8803817893,97114.18694019344
2023-08-24,94791.82305285122,96202.52119069773
2023-08-25,93938.87480538791,95225.09055395257
2023-08-28,94418.66000564424,96280.61699430645
2023-08-29,94876.4246792684,97335.32137356972
2023-08-30,94677.88094618726,96620.95028582243
2023-08-31,94051.4004826576,95146.99475034382
2023-09-01,94850.85568943442,96915.24815626378
2023-09-04,94215.20545001295,96819.88906975207
2023-09-05,93744.81606596243,96453.24982333629
2023-09-06,93040.42909716022,95346.75559536405
2023-09-08,93152.11938391467,94794.33054246855
2023-09-11,93964.57687996216,96084.96645473929
2023-09-12,94841.8773836256,96976.90273806013
2023-09-13,94691.95671643523,97147.89144490873
2023-09-14,95819.25031006851,98147.51773110058
2023-09-15,95972.8096854224,97626.33099964859
2023-09-18,95196.97874168164,97239.96228705799
2023-09-19,95035.85893897573,96876.61128500469
2023-09-20,95296.85846564533,97574.54115093964
2023-09-21,94168.80635787557,95478.28536986295
2023-09-22,93729.40229307793,95366.48506153886
2023-09-25,93786.01467707743,95297.43192992691
2023-09-26,92283.02527756026,93873.62212097601
2023-09-27,92314.59933200713,93983.77830711888
2023-09-28,92531.37321669,95137.95207834698
2023-09-29,92807.88067683087,95823.55102792266
2023-10-02,91802.17394996145,94583.88290327025
2023-10-03,90960.56287422962,93237.34683683747
2023-10-04,90946.36516319613,93391.89432187373
2023-10-05,90643.50439361708,93126.36858960401
2023-10-06,91017.56544347663,93854.71471589182
2023-10-09,91540.83462053954,94665.26695124146
2023-10-10,92482.27603773099,95964.945535509
2023-10-11,92590.53776841187,96223.07271796316
2023-10-13,92710.22221269424,95156.85948343121
2023-10-16,92376.65740425438,95798.06713411349
2023-10-17,91912.78711621623,95283.45689138644
2023-10-18,91223.5076266126,93764.28799592379
2023-10-19,90802.94079827868,93718.25257484918
2023-10-20,90291.13922452109,93020.32270891425
2023-10-23,90278.3607278401,92716.16010538545
2023-10-24,89770.07432312169,93519.31379091955
2023-10-25,89545.55829144699,92753.15285446329
2023-10-26,89295.69085370997,94353.70579789713
2023-10-27,88940.22238003147,93140.34362814449
2023-10-30,88451.78720010634,92508.17864945903
2023-10-31,88552.05968449272,93011.28003691744
2023-11-01,88420.66329469721,94580.59465890778
2023-11-03,89964.654764844,96875.98585514598
2023-11-06,89956.88871058586,97144.08375100442
2023-11-07,90963.45152170892,97784.40319034828
2023-11-08,91300.9021311606,97645.84495059268
2023-11-09,91599.26758730243,97574.516152612
2023-11-10,92030.58690771672,98905.98704825145
2023-11-13,91884.88587512459,98692.82052555055
2023-11-14,92898.05720262325,101088.0119724139
2023-11-16,94031.67702537554,102110.95760472424
2023-11-17,93877.59771269633,102509.31624038354
2023-11-20,94596.61160336625,103356.03325815326
2023-11-21,94133.41158431662,102956.03528654472
2023-11-22,94758.35705550117,103306.8531796768
2023-11-23,94889.17654213448,103750.29355393955
2023-11-24,94365.31694081519,102902.75686819523
2023-11-27,94145.91187766303,103018.3300526149
2023-11-28,95044.60262225076,103719.14617090445
2023-11-29,95372.61408635338,103360.9512660009
2023-11-30,95645.4271091093,104369.14287476832
2023-12-01,95452.7582904109,105001.92655116545
2023-12-04,94841.95766955585,103936.3581841755
2023-12-05,94950.79439057605,104018.32498163627
2023-12-06,94297.84512175825,102969.14997413845
2023-12-07,94516.01112992814,103286.3614803116
2023-12-08,95276.94346105724,104174.88156478632
2023-12-11,95180.8739666106,104028.98066530615
2023-12-12,94935.23257556502,103608.49099433243
2023-12-13,96650.98466143676,106118.3143325811
2023-12-14,97558.5915059771,107246.99713361585
2023-12-15,97906.6975821218,106718.31128999392
2023-12-18,98001.61517822204,107445.35678347092
2023-12-19,98482.6477295856,108074.04211999504
2023-12-20,98071.66666525869,107215.8497505808
2023-12-21,99098.31897216573,108345.35221959016
2023-12-22,99754.21604594197,108813.38263309114
2023-12-26,100533.6221446693,109452.72365328511
2023-12-27,100810.67818414108,109994.52418450077
2023-12-28,101023.96529631174,109987.1471727293
2024-01-02,100845.49347405898,108767.48122651307
2024-01-03,101060.99030123635,108879.77573903432
2024-01-04,100391.4245214123,107561.7496358652
2024-01-05,100827.21051642018,108215.02501162751
2024-01-08,100835.01927871435,108546.17087336897
2024-01-09,100361.3991534109,107742.89625825346
2024-01-10,100111.73516078958,107246.17746564122
2024-01-11,99862.57768197468,107088.80121451656
2024-01-12,100095.98603942498,107366.66865790857
2024-01-15,100515.16094695954,107803.55168837446
2024-01-16,99771.43898681177,105978.1511089232
2024-01-17,99376.89684599623,105347.00676847527
2024-01-18,99003.55903887673,104356.84785514922
2024-01-19,98900.82111326828,104619.14160702367
2024-01-22,98081.0885320935,103771.60492127934
2024-01-23,98635.46887005403,105133.07342710267
2024-01-24,98193.55748511896,104766.68184245305
2024-01-25,98621.58020554695,105056.02463748958
2024-01-26,99178.6152407093,105710.11968122647
2024-01-29,99131.1073081469,105329.79374100851
2024-01-30,98679.4632075339,104427.33930096547
2024-01-31,98663.93152286204,104714.22309207816
2024-02-01,98560.09138561433,105311.76104556714
2024-02-02,98603.41363176155,104247.01234655177
2024-02-05,98584.3906987487,104583.89588411551
2024-02-06,100321.66674799207,106897.81857643294
2024-02-07,100451.55880868915,106235.52685294996
2024-02-08,99704.52359148274,105095.3687002707
2024-02-09,99617.49166037931,104938.81211712063
2024-02-14,99177.6551616792,104112.5867987161
2024-02-15,99749.10952220277,104756.84582675772
2024-02-16,99899.02682402775,105512.57969934598
2024-02-19,100166.74476268413,105766.67677147436
2024-02-20,100735.97128864501,106487.98458912912
2024-02-21,101133.08184141338,106583.0660741836
2024-02-22,101680.6877322922,106754.3766808766
2024-02-23,101825.77072634026,106080.6096057491
2024-02-26,102330.9571024794,106236.34652092455
2024-02-27,103089.64185678968,107941.25590810852
2024-02-28,102321.7102620185,106683.88523506037
2024-02-29,101786.5945774368,105753.56208388068
2024-03-01,102035.21038572236,105884.7089598179
2024-03-04,101421.08319394103,105197.00752912206
2024-03-05,101257.23404354572,104997.82821129239
2024-03-06,101715.00631180746,105647.00524718166
2024-03-07,101824.82911085225,105196.18786114745
2024-03-08,101730.83708109648,104156.02920137031
2024-03-11,101626.80719103487,103379.80362941687
2024-03-12,101895.58819433654,104645.3709822111
2024-03-13,102038.57530960215,104922.41875762846
2024-03-14,101909.11665037858,104663.40367765244
2024-03-15,101519.358803687,103886.3584377244
2024-03-18,101910.30236023813,104060.12804834121
2024-03-19,102456.56020641861,104531.43713374063
2024-03-20,102901.34571324526,105839.62722121447
2024-03-21,102373.50821149485,105047.82795774346
2024-03-22,102179.33807689488,104119.96381048759
2024-03-25,102393.8204288941,104041.27568492525
2024-03-26,102255.65499218619,103985.53826265194
2024-03-27,102673.29951771615,104664.22334562709
2024-03-28,103523.85134138227,105004.38555508926
2024-04-01,102768.86653824136,104089.63609542712
2024-04-02,103336.96774697749,104547.83049323282
2024-04-03,102846.96185349023,104358.48719109844
2024-04-04,102515.92705863755,104448.65066830527
2024-04-05,102201.47714612386,103929.80084037862
2024-04-08,102668.6187226631,105619.95620401962
2024-04-09,102905.7642007933,106466.67322178933
2024-04-10,102338.32261603855,104961.76282040964
2024-04-11,102450.78053742876,104422.42129311779
2024-04-12,101986.37345348629,103233.90272993667
2024-04-15,101474.30909320661,102732.26592947678
2024-04-16,101249.66742045777,101957.67969347254
2024-04-17,100707.72744969974,101778.99207500806
2024-04-18,100679.96941216527,101799.48377437326
2024-04-19,100950.39909617136,102560.13565480917
2024-04-22,100975.8341460341,102928.166575408
2024-04-23,100765.13931857451,102579.80768619974
2024-04-24,100552.08349522269,102246.20282053442
2024-04-25,100658.76732595364,102168.3343629467
2024-04-26,101023.3192400514,103709.31015520911
2024-04-29,101290.25207782563,104386.35590223507
2024-04-30,100961.40160421144,103215.87003449534
2024-05-02,100763.17994746703,104197.8322680753
2024-05-03,101483.05312173409,105334.71174885615
2024-05-06,101586.30760927915,105299.46602594802
2024-05-07,101422.83215472838,105909.29899905613
2024-05-08,102139.68616116948,106131.42902017482
2024-05-09,101239.7405595587,105071.59832900712
2024-05-10,100863.71433622923,104589.63355993782
2024-05-13,100576.91222447879,105044.54928584507
2024-05-14,100358.52964725521,105339.62975670384
2024-05-15,100000.75899942139,104940.45145306992
2024-05-16,100153.45253360388,105150.28645456948
2024-05-17,99979.23674476332,105041.27061394666
2024-05-20,99889.73580177156,104713.4034241036
2024-05-21,99144.17113551505,104435.53598071159
2024-05-22,98162.16403128885,102991.28100945288
2024-05-23,98108.66585950318,102236.36680483924
2024-05-24,97715.32674147628,101889.6472515802
2024-05-27,97829.09898183803,102045.38416675566
2024-05-28,97629.37725603272,101458.50189693656
2024-05-29,97636.76860114018,100578.99816018254
2024-05-31,97791.83457386428,100079.82036364649
2024-06-03,96919.26788256904,100025.72227732238
2024-06-04,96855.94469232089,99837.19864316261
2024-06-05,96752.17664666602,99513.42979319258
2024-06-06,97346.70992266394,100736.37441130722
2024-06-07,97094.4981960999,98988.84228944368
2024-06-10,97061.02858370413,98983.10461362143
2024-06-11,96906.07879496849,99700.31409140314
2024-06-12,96649.54046559065,98307.69820254474
2024-06-13,95738.9051877104,98006.06038788911
2024-06-14,96299.06545832631,98083.10917750224
2024-06-17,96852.5142142612,97653.60315880783
2024-06-18,97092.66401955856,98056.87980231481
2024-06-19,97324.64711997197,98574.09029429224
2024-06-20,97493.56647907544,98725.72886959465
2024-06-21,97241.40740232708,99459.3317068685
2024-06-24,97850.66394655134,100521.62140196002
2024-06-25,98640.38822880069,100270.80300173008
2024-06-26,99178.26989451896,100524.90007385844
2024-06-27,100259.95276511197,101891.28658752941
2024-06-28,100584.5933567016,101562.59972971174
2024-07-01,100184.21698408404,102227.35045711855
2024-07-02,100432.75909935815,102283.90754736649
2024-07-03,100556.33700936238,103001.1170251482
2024-07-04,101339.65146224447,103412.59034840124
2024-07-05,101472.83046478526,103497.01614978582
2024-07-08,101792.76222075065,103727.34285065057
2024-07-09,101944.44232576207,104186.35691643087
2024-07-10,102013.55150070245,104276.52039363768
2024-07-11,102553.86257639116,105158.48313431555
2024-07-12,102471.1750952214,105652.74292300397
2024-07-15,103214.18817197376,106000.28214423762
2024-07-16,103553.33157465933,105827.33220159539
2024-07-17,103676.62406900607,106106.019312962
2024-07-18,103354.84168779847,104632.25629461741
2024-07-19,103217.16724512464,104602.74824753153
2024-07-22,103356.6073419449,104802.74723333582
2024-07-23,102800.6178336513,103761.76890558407
2024-07-24,102607.72942251268,103624.88435382459
2024-07-25,102143.81853248911,103240.46007373357
2024-07-26,102855.62002959839,104501.10941868016
2024-07-29,102816.62979166824,104060.12804834124
2024-07-30,102196.89999057162,103392.09864903598
2024-07-31,103473.5853262608,104632.2562946174
2024-08-01,103840.4996865029,104421.60162514323
2024-08-02,103378.44976138709,103158.49327627283
2024-08-05,103017.0795741881,102679.80717910195
2024-08-06,103295.22764932724,103497.01614978579
2024-08-07,103157.29853165345,104519.14211412155
2024-08-08,103699.85160097977,105459.30128099656
2024-08-09,104253.27732639656,107060.93250337993
2024-08-12,104380.52102262108,107471.58615865836
2024-08-13,105288.8703807767,108522.40050210539
2024-08-14,106273.37239774063,109276.49503874446
2024-08-15,107371.4321886686,109960.91779754184
2024-08-16,106933.69250109523,109796.98420262031
2024-08-19,107039.86188706718,111292.87825627929
2024-08-20,107281.4756307537,111546.15566043307
2024-08-21,107216.55281047102,111855.17048686015
2024-08-22,107156.4837831576,110796.97913164167
2024-08-23,107519.65419114524,111153.53470059599
2024-08-26,107485.13233489057,112203.52937606839
2024-08-27,107723.37634202617,112110.90689493771
2024-08-28,107809.09418640674,112576.47830451487
2024-08-29,107382.6066747105,111508.4509336011
2024-08-30,107718.92737100793,111478.12321854061
2024-09-02,106956.27007301642,110639.60288051696
2024-09-03,106776.7883425388,110124.85139246337
2024-09-04,107182.29081991514,111565.82769182364
2024-09-05,107246.89656809541,111886.31786989523
2024-09-06,106284.96031621705,110304.35867890243
2024-09-09,106327.80986959957,110439.60389471268
2024-09-10,106498.89086114956,110097.80234930129
2024-09-11,106914.42737000182,110390.42381623623
2024-09-12,106614.49499586006,109859.27896869047
2024-09-13,106914.84379008094,110558.45575103078
2024-09-16,106861.79402457246,110751.8973930382
2024-09-17,106611.87801053468,110622.3898530502
2024-09-18,106260.12882214574,109628.95226782572
2024-09-19,106005.85726424993,109116.65978369594
2024-09-20,105714.88944689851,107429.78309195337
2024-09-23,105278.5301817862,107022.40810857336
2024-09-24,105725.8171870658,108324.04085225031
2024-09-25,105615.92325481586,107856.83010672394
2024-09-26,106012.91392253939,109024.03730256525
2024-09-27,106254.142327269,108794.5302696751
2024-09-30,105967.02421760332,108045.35374088369
2024-10-01,106159.82976717938,108601.9082956423
2024-10-02,107228.02481399872,109437.9696297421
2024-10-03,106227.34060347351,107927.32155254019
2024-10-04,106241.5183804088,108025.6817094931
2024-10-07,105952.68779026641,108210.92667175442
2024-10-08,106087.54593946066,107796.17467660294
2024-10-09,105616.3862022364,106525.68931596106
2024-10-10,105579.56688660914,106846.17949403268
2024-10-11,105653.72438740278,106550.27935519932
2024-10-14,106263.39810622478,107380.60301347688
2024-10-15,106378.68527042682,107411.75039651198
2024-10-16,106634.22884596295,107991.2556545596
2024-10-17,106246.41628744501,107206.83340286005
2024-10-18,106452.932151663,106965.8510183254
2024-10-21,105981.98527716185,106853.55650580417
2024-10-22,105825.14819166354,106328.14933408065
2024-10-23,105053.74082689024,105928.1513624721
2024-10-24,104855.85548599229,106611.75445329488
2024-10-25,105147.11244323454,106469.13222571314
2024-10-28,106008.78329731249,107551.09395219527
2024-10-29,106040.49309239595,107155.19432045976
2024-10-30,106079.05882099252,107080.6045347705
2024-10-31,105101.93936908786,106321.5919902838
2024-11-01,104545.41800496161,105016.6805747084
2024-11-04,104561.18973336123,106978.96570591911
2024-11-05,104998.89054535715,107098.63723021183
2024-11-06,104778.64649027082,106836.34347833738
2024-11-07,104438.84422858222,106296.18228307093
2024-11-08,104188.68910009047,104778.15719409753
2024-11-11,103994.30924082083,104814.22258498025
2024-11-12,103510.11770960143,104669.96102144929
2024-11-13,103405.28788943688,104699.46906853517
2024-11-14,103508.60781209375,104747.00981106244
2024-11-18,103034.02932862329,104727.33777967184
2024-11-19,103629.11101937894,105078.97534077852
2024-11-21,103034.66700050503,104033.89867315374
2024-11-22,104117.29940050724,105840.44688918904
2024-11-25,104128.08263694533,105766.67677147436
2024-11-26,104584.33665336935,106492.90259697672
2024-11-27,103553.44245467221,104646.19065018567
2024-11-28,102548.81855573512,102138.82631586083
2024-11-29,103326.40852983274,103006.03503299574
2024-12-02,103229.10980181424,102651.93846796523
2024-12-03,103804.53086329786,103392.09864903596
2024-12-04,103996.2558461228,103349.47591435636
2024-12-05,104604.40689121113,104801.10789738652
2024-12-06,104866.18578354835,103233.90272993669
2024-12-09,105539.7359865722,104269.96304984078
2024-12-10,105107.54459858552,105104.38504799138
2024-12-11,104982.10711698569,106223.23183333084
2024-12-12,103444.92075454447,103312.59085549902
2024-12-13,103449.5526585798,102140.46565181004
2024-12-16,103196.54235620044,101278.17494252279
2024-12-17,103347.62049134287,102210.9570976263
2024-12-18,101092.75279045753,99095.99401644868
2024-12-19,101100.96576372845,99437.33086199932
2024-12-20,101885.29885775258,100187.28729669473
2024-12-23,102113.07436839522,99091.89141013197
2024-12-26,102212.8209971674,99347.0735230316
2024-12-27,101671.8666515605,98683.2718209872
2024-12-30,100905.96296358867,98694.75911867399
